{"cameraMode":{"drawMode":0,"name":"Shaded","section":"Shading Mode"},"sceneLighting":true,"audioPlay":false,"sceneViewState":{"m_AlwaysRefresh":false,"showFog":true,"showSkybox":true,"showFlares":true,"showImageEffects":true,"showParticleSystems":true,"showVisualEffectGraphs":true,"m_FxEnabled":true},"in2DMode":false,"pivot":{"x":984.9808349609375,"y":778.5963745117188,"z":112.99960327148438},"rotation":{"x":0.029172677546739579,"y":-0.03070020116865635,"z":-0.000894378696102649,"w":-0.9990932941436768},"size":1337.3931884765625,"orthographic":false}