{"cameraMode":{"drawMode":0,"name":"Shaded","section":"Shading Mode"},"sceneLighting":false,"audioPlay":false,"sceneViewState":{"m_AlwaysRefresh":false,"showFog":true,"showSkybox":false,"showFlares":true,"showImageEffects":true,"showParticleSystems":true,"showVisualEffectGraphs":true,"m_FxEnabled":true},"in2DMode":false,"pivot":{"x":0.5083519220352173,"y":0.012754837051033974,"z":-0.6527119278907776},"rotation":{"x":-0.017673730850219728,"y":-0.9815223217010498,"z":0.11318553984165192,"w":-0.15325938165187837},"size":1.2869962453842164,"orthographic":false}